{
	"music.game": {
		"category": "music",
		"sounds": [{
			"name": "music/game/creative/creative1",
			"stream": true
		},
		{
			"name": "music/game/creative/creative2",
			"stream": true
		},
		{
			"name": "music/game/creative/creative3",
			"stream": true
		},
		{
			"name": "music/game/creative/creative4",
			"stream": true
		},
		{
			"name": "music/game/creative/creative5",
			"stream": true
		},
		{
			"name": "music/game/creative/creative6",
			"stream": true
		}]
	},
	"music.game.creative": {
		"category": "music",
		"replace": true,
		"sounds": [{
			"name": "music/game/calm1",
			"stream": true
		},
		{
			"name": "music/game/calm2",
			"stream": true
		},
		{
			"name": "music/game/calm3",
			"stream": true
		},
		{
			"name": "music/game/hal1",
			"stream": true
		},
		{
			"name": "music/game/hal2",
			"stream": true
		},
		{
			"name": "music/game/hal3",
			"stream": true
		},
		{
			"name": "music/game/hal4",
			"stream": true
		},
		{
			"name": "music/game/nuance1",
			"stream": true
		},
		{
			"name": "music/game/nuance2",
			"stream": true
		},
		{
			"name": "music/game/piano1",
			"stream": true
		},
		{
			"name": "music/game/piano2",
			"stream": true
		},
		{
			"name": "music/game/piano3",
			"stream": true
		},
		{
			"name": "music/game/creative/creative1",
			"stream": true
		},
		{
			"name": "music/game/creative/creative2",
			"stream": true
		},
		{
			"name": "music/game/creative/creative3",
			"stream": true
		},
		{
			"name": "music/game/creative/creative4",
			"stream": true
		},
		{
			"name": "music/game/creative/creative5",
			"stream": true
		},
		{
			"name": "music/game/creative/creative6",
			"stream": true
		}]
	}
}